link,image,name,pronouns
https://io.google/2022/speakers/aaron-wanjala/,https://io.google/2022/speakers/5068e7de-bc55-4975-a101-570ba524ce0b_240.webp,Aaron Wanjala,he / him
https://io.google/2022/speakers/adam-argyle/,https://io.google/2022/speakers/5ed61ce3-21b8-4009-ba6f-381bc2bb9883_240.webp,Adam Argyle,he / him
https://io.google/2022/speakers/adam-chan/,https://io.google/2022/speakers/3660e203-7108-4b0b-9ebc-877294b87ab6_240.webp,Adam Chan,he / him
https://io.google/2022/speakers/adam-koch/,https://io.google/2022/speakers/56047c42-478d-41c2-b2ce-c575be88aab0_240.webp,Adam Koch,he / him
https://io.google/2022/speakers/adarsh-fernando/,https://io.google/2022/speakers/d9a253d1-e97e-4051-9087-ecfc952f463a_240.webp,Adarsh Fernando,
https://io.google/2022/speakers/adriana-jara/,https://io.google/2022/speakers/bcd78c8f-8569-4944-b3fd-40fcbfb1ea8c_240.webp,Adriana Jara,she / her
https://io.google/2022/speakers/aileen-dalisay/,https://io.google/2022/speakers/078aaa61-6d64-41e5-abd7-fe7450ea6fd3_240.webp,Aileen Dalisay,she / her
https://io.google/2022/speakers/alan-viverette/,https://io.google/2022/speakers/9a8d8d2d-e214-4604-9af4-0cf4a4942ddc_240.webp,Alan Viverette,he / him
https://io.google/2022/speakers/alec-truitt/,https://io.google/2022/speakers/9c9725a6-369c-4714-8877-daecad745a21_240.webp,Alec Truitt,he / him
https://io.google/2022/speakers/alejandra-stamato/,https://io.google/2022/speakers/b61fc60f-3014-4202-aade-fbaa4f30f043_240.webp,Alejandra Stamato,she / her
https://io.google/2022/speakers/alex-spinelli/,https://io.google/2022/speakers/e69a460d-3c20-4ca6-9751-e95d97b71c9d_240.webp,Alex Spinelli,he / him
https://io.google/2022/speakers/alex-vanyo/,https://io.google/2022/speakers/922a9d4a-0362-4277-be58-a08b2609bd10_240.webp,Alex Vanyo,he / him
https://io.google/2022/speakers/alex-wang/,https://io.google/2022/speakers/6d6c2836-30c6-4cd9-b851-72e8d8ab8d6c_240.webp,Alex Wang,he / him
https://io.google/2022/speakers/ali-cevik/,https://io.google/2022/speakers/bd54a174-9d10-4f44-aaba-4083905b31c3_240.webp,Ali Cevik,
https://io.google/2022/speakers/amit-varia/,https://io.google/2022/speakers/f9965195-14ab-4794-8163-d26e241a72ba_240.webp,Amit Varia,
https://io.google/2022/speakers/anastasia-soboleva/,https://io.google/2022/speakers/c13116fb-2eb8-4ad4-a62b-82650460d6e9_240.webp,Anastasia Soboleva,she / her
https://io.google/2022/speakers/andi-gutmans/,https://io.google/2022/speakers/6a21cb37-757d-4db8-89e2-24487f5b24ef_240.webp,Andi Gutmans,
https://io.google/2022/speakers/andre-labonte/,https://io.google/2022/speakers/cde26876-2c7f-492a-b7cc-53c02e491a36_240.webp,André Labonté,he / him
https://io.google/2022/speakers/andrea-wu/,https://io.google/2022/speakers/baa6e562-9809-45ae-ab17-d1d2c594796f_240.webp,Andrea Wu,she / her
https://io.google/2022/speakers/andrew-brogdon/,https://io.google/2022/speakers/28cdb06d-cd06-4433-ac73-dc9baca21c3a_240.webp,Andrew Brogdon,he / him
https://io.google/2022/speakers/andrew-fitz-gibbon/,https://io.google/2022/speakers/50d50947-4947-4488-ac6f-ffe3724d6439_240.webp,Andrew Fitz Gibbon,he / him
https://io.google/2022/speakers/andrey-kulikov/,https://io.google/2022/speakers/0b769487-d994-44af-a941-c945daa21b58_240.webp,Andrey Kulikov,he / him
https://io.google/2022/speakers/andy-russell/,https://io.google/2022/speakers/1d01a67b-6f72-4789-b9e0-0f1048eb5ef4_240.webp,Andy Russell,
https://io.google/2022/speakers/andy-volk/,https://io.google/2022/speakers/99fa12e6-3918-47b4-862e-64ea4d5174a7_240.webp,Andy Volk,he / him
https://io.google/2022/speakers/anna-chiara-bellini/,https://io.google/2022/speakers/3746835e-bc0f-4a90-8f56-4ac7e8e14b33_240.webp,Anna-Chiara Bellini,she / her
https://io.google/2022/speakers/annie-sullivan/,https://io.google/2022/speakers/c0525111-a583-414c-aeeb-c09e899f8f82_240.webp,Annie Sullivan,she / her
https://io.google/2022/speakers/aparna-sinha/,https://io.google/2022/speakers/e5936ef2-57bc-4a15-8c7e-261166491ffc_240.webp,Aparna Sinha,
https://io.google/2022/speakers/arun-venkatesan/,https://io.google/2022/speakers/32c2ccaf-c4f0-41fd-be1c-5f701b49641b_240.webp,Arun Venkatesan,he / him
https://io.google/2022/speakers/ben-hutchinson/,https://io.google/2022/speakers/09e4ef97-c33d-407c-8557-3172aea90c46_240.webp,Ben Hutchinson,he / him
https://io.google/2022/speakers/ben-trengrove/,https://io.google/2022/speakers/24f5d39c-680e-4092-9e10-4876e82a26e8_240.webp,Ben Trengrove,he / him
https://io.google/2022/speakers/ben-weiss/,https://io.google/2022/speakers/ae44ec25-1d35-45ac-9ae4-97128f90f909_240.webp,Ben Weiss,he / him
https://io.google/2022/speakers/bilawal-sidhu/,https://io.google/2022/speakers/fcfcdccb-f8e4-4eb4-9ab6-40f6983bf489_240.webp,Bilawal Sidhu,
https://io.google/2022/speakers/bill-luan/,https://io.google/2022/speakers/fc625cbf-14e6-4454-944b-eb3429b40bf2_240.webp,Bill Luan,he / him
https://io.google/2022/speakers/brad-mckee/,https://io.google/2022/speakers/5fa40214-2ddf-4ed6-9c42-feb5ac0ec478_240.webp,Brad  McKee,he / him
https://io.google/2022/speakers/cameron-balahan/,https://io.google/2022/speakers/a4f942e6-8577-487f-8924-6eec7f81c296_240.webp,Cameron Balahan,
https://io.google/2022/speakers/caren-chang/,https://io.google/2022/speakers/5134e319-c76b-40c7-a77f-f33b057f5f26_240.webp,Caren Chang,she / her
https://io.google/2022/speakers/carly-boddy/,https://io.google/2022/speakers/de34afbe-e6ab-4618-b250-5a3a88528599_240.webp,Carly Boddy,
https://io.google/2022/speakers/chad-allen/,https://io.google/2022/speakers/1d33f0fd-f32e-4462-a38d-dacf5450e8db_240.webp,Chad Allen,
https://io.google/2022/speakers/chen-huang/,https://io.google/2022/speakers/d199105d-7912-43ff-9898-2cb358c3f408_240.webp,Chen Huang,
https://io.google/2022/speakers/cherish-molezion/,https://io.google/2022/speakers/275fcd52-4fd3-4074-965f-3fb4498de34e_240.webp,Cherish Molezion,she / her
https://io.google/2022/speakers/chris-wilk/,https://io.google/2022/speakers/56512572-ae2f-46f6-89c7-1a8b6b2df605_240.webp,Chris Wilk,
https://io.google/2022/speakers/christian-schalk/,https://io.google/2022/speakers/4c22e898-f244-40da-b411-24469f9e3ddb_240.webp,Christian Schalk,
https://io.google/2022/speakers/chuck-jazdzewski/,https://io.google/2022/speakers/695e8783-3012-4af1-b54d-2937322be67b_240.webp,Chuck Jazdzewski,he / him
https://io.google/2022/speakers/cody-oss/,https://io.google/2022/speakers/e5b24694-c119-420f-9cab-ec9129559301_240.webp,Cody Oss,he / him
https://io.google/2022/speakers/craig-labenz/,https://io.google/2022/speakers/6e6fa645-2bf0-4f6c-8ff5-7186d0559cc8_240.webp,Craig Labenz,he / him
https://io.google/2022/speakers/crystal-huang/,https://io.google/2022/speakers/ce8f64f6-23b3-4748-95a0-81e4b18ae937_240.webp,Crystal Huang,she / her
https://io.google/2022/speakers/cynthia-shelly/,https://io.google/2022/speakers/d0265043-171e-4cb9-8a81-ef5366c7df93_240.webp,Cynthia Shelly,
https://io.google/2022/speakers/dale-markowitz/,https://io.google/2022/speakers/6e864022-9e13-4291-b91a-87766a63e95f_240.webp,Dale Markowitz,she / her
https://io.google/2022/speakers/dan-chuparkoff/,https://io.google/2022/speakers/0a900c45-4db1-47e4-adb7-15675498db4c_240.webp,Dan Chuparkoff,he / him
https://io.google/2022/speakers/darryl-mason-robinson/,https://io.google/2022/speakers/ade189ce-ef96-49db-9cc2-d5ab649164fe_240.webp,Darryl-Mason Robinson,he / him
https://io.google/2022/speakers/david-wiesenfeld/,https://io.google/2022/speakers/b3fd27f3-adab-4904-b012-bd476f2f8021_240.webp,David Wiesenfeld,he / him
https://io.google/2022/speakers/dereck-bridie/,https://io.google/2022/speakers/fb131299-67e6-4cef-aca4-f9ddf3ba57ac_240.webp,Dereck Bridie,he / him
https://io.google/2022/speakers/devin-mullins/,https://io.google/2022/speakers/76041a93-a26a-4f1b-996d-a60d7b911e62_240.webp,Devin Mullins,he / him
https://io.google/2022/speakers/diane-wu/,https://io.google/2022/speakers/545899e5-2baf-49cc-9d66-a94118c47910_240.webp,Diane Wu,she / her
https://io.google/2022/speakers/diego-zavala/,https://io.google/2022/speakers/591a4f4c-d8c7-4b42-b356-f33dbb5ea6ab_240.webp,Diego Zavala,
https://io.google/2022/speakers/dikla-cohen/,https://io.google/2022/speakers/ce085f09-f8cf-4239-8d7b-2589a1ccf4d1_240.webp,Dikla Cohen,she / her
https://io.google/2022/speakers/dong-chen/,https://io.google/2022/speakers/4505296d-8889-4eef-9da5-f776a7377da3_240.webp,Dong Chen,
https://io.google/2022/speakers/doug-ferraz/,https://io.google/2022/speakers/dd62cfdb-86a7-4980-893d-a935f92812a3_240.webp,Doug Ferraz,he / him
https://io.google/2022/speakers/eduardo-villasenor/,https://io.google/2022/speakers/ee5ae01a-0522-4349-9831-64c438678fb3_240.webp,Eduardo Villasenor,
https://io.google/2022/speakers/eiji-kitamura/,https://io.google/2022/speakers/94772c49-2428-4fa2-b296-d3dfe80929aa_240.webp,Eiji Kitamura,he / him
https://io.google/2022/speakers/elena-doty/,https://io.google/2022/speakers/8f0b359b-feb4-42e8-92d5-00252bbfeedf_240.webp,Elena Doty,she / her
https://io.google/2022/speakers/emila-yang/,https://io.google/2022/speakers/e78f632f-07e8-4a4b-959c-ccd4431540f9_240.webp,Emila Yang,she / her
https://io.google/2022/speakers/emma-twersky/,https://io.google/2022/speakers/c6907309-63ad-4c64-b32e-e3e351043ed4_240.webp,Emma Twersky,she / her
https://io.google/2022/speakers/eric-lai/,https://io.google/2022/speakers/d7b9cc5a-67ce-403f-93ad-500f6d093746_240.webp,Eric  Lai,he / him
https://io.google/2022/speakers/fahd-imtiaz/,https://io.google/2022/speakers/99bfade4-91d5-4864-b637-405d2cf958e3_240.webp,Fahd Imtiaz,he / him
https://io.google/2022/speakers/felipe-hlibco/,https://io.google/2022/speakers/b76261cf-38e6-4957-ae61-99839d13945d_240.webp,Felipe Hlibco,
https://io.google/2022/speakers/florina-muntenescu/,https://io.google/2022/speakers/a4173770-fbc2-4a9e-9b87-33a4e2cbb486_240.webp,Florina Muntenescu,
https://io.google/2022/speakers/francesco-romano/,https://io.google/2022/speakers/2818aab5-4891-44b8-9ca6-2d73166d3c3c_240.webp,Francesco Romano,
https://io.google/2022/speakers/francois-chollet/,https://io.google/2022/speakers/40ee8d7c-3bc9-4da6-819d-4143b3bf7c9e_240.webp,Francois Chollet,
https://io.google/2022/speakers/georges-nabaa/,https://io.google/2022/speakers/bfd060b4-a03e-4eb0-9032-29e85069f551_240.webp,Georges Nabaa,
https://io.google/2022/speakers/gilberto-cocchi/,https://io.google/2022/speakers/062901b1-f816-4826-b8fa-98227e9f6bb8_240.webp,Gilberto Cocchi,
https://io.google/2022/speakers/greg-spencer/,https://io.google/2022/speakers/a76adb3f-31d7-452f-a2dc-e9badaf4de3f_240.webp,Greg Spencer,he / him
https://io.google/2022/speakers/guillaume-laforge/,https://io.google/2022/speakers/610a048c-ecf6-4986-af87-9b422281ef8d_240.webp,Guillaume Laforge,he / him
https://io.google/2022/speakers/gus-martins/,https://io.google/2022/speakers/3b7b2be9-1846-49b7-854c-60028983e61c_240.webp,Gus Martins,he / him
https://io.google/2022/speakers/hadas-shahar/,https://io.google/2022/speakers/547af6f3-892f-49b8-b6e4-3778b76f49be_240.webp,Hadas Shahar,she / her
https://io.google/2022/speakers/hadyan-andika/,https://io.google/2022/speakers/834271b7-3a75-49f7-9f76-d6388707e35d_240.webp,Hadyan Andika,he / him
https://io.google/2022/speakers/hannah-highfill/,https://io.google/2022/speakers/133e273d-4f77-4fd1-9dcd-8f76ac462e56_240.webp,Hannah Highfill,she / her
https://io.google/2022/speakers/husain-bengali/,https://io.google/2022/speakers/f69df65c-a7da-40ad-a8ce-cfa43802386e_240.webp,Husain Bengali,he / him
https://io.google/2022/speakers/ian-lake/,https://io.google/2022/speakers/23feb752-d9c9-4935-92c8-38974189d7b9_240.webp,Ian Lake,he / him
https://io.google/2022/speakers/ivan-nardini/,https://io.google/2022/speakers/f3eea26c-ba6f-4362-a1c2-a6e5451c0d09_240.webp,Ivan Nardini,he / him
https://io.google/2022/speakers/ivy-knight/,https://io.google/2022/speakers/c9d1537a-c798-446d-8538-4d86b5f22eaf_240.webp,Ivy Knight,she / her
https://io.google/2022/speakers/jaisen-mathai/,https://io.google/2022/speakers/97ffcdc4-0381-4aea-a847-06c8e513c936_240.webp,Jaisen Mathai,
https://io.google/2022/speakers/jake-archibald/,https://io.google/2022/speakers/d905efdb-c45d-49f2-a437-b74b18c6b81b_240.webp,Jake Archibald,he / him
https://io.google/2022/speakers/jamal-eason/,https://io.google/2022/speakers/2aa99846-75c6-4761-961f-c07c273cb7a5_240.webp,Jamal Eason,he / him
https://io.google/2022/speakers/james-daniels/,https://io.google/2022/speakers/c1c311c2-7c21-4e13-a08c-8cb0fd536c60_240.webp,James Daniels,
https://io.google/2022/speakers/james-heather/,https://io.google/2022/speakers/2e20a7a2-3ec8-49de-9589-64ac5b908635_240.webp,James Heather,
https://io.google/2022/speakers/jared-finder/,https://io.google/2022/speakers/3e2bc19b-9717-4a9f-a38b-c7c5d8422188_240.webp,Jared Finder,he / him
https://io.google/2022/speakers/jason-mayes/,https://io.google/2022/speakers/f6f7e469-7139-4d8f-8fa4-28332dedd2f5_240.webp,Jason Mayes,
https://io.google/2022/speakers/jay-civelli/,https://io.google/2022/speakers/00b898bd-d301-41c9-b2f1-9c06c5cab90a_240.webp,Jay Civelli,
https://io.google/2022/speakers/jecelyn-yeen/,https://io.google/2022/speakers/cd4d7c00-5f4b-485e-acd2-793cfa5c0488_240.webp,Jecelyn Yeen,she / her
https://io.google/2022/speakers/jeff-huleatt/,https://io.google/2022/speakers/57a1eb56-1a3a-4086-858d-678797bf44d9_240.webp,Jeff Huleatt,he / him
https://io.google/2022/speakers/jen-gennai/,https://io.google/2022/speakers/ea7b2f7e-0535-44e7-a358-aee2c3830f79_240.webp,Jen Gennai,
https://io.google/2022/speakers/jenine-durland/,https://io.google/2022/speakers/95a94f75-1082-4034-a577-054b4028390f_240.webp,Jenine Durland,she / her
https://io.google/2022/speakers/jennifer-chui/,https://io.google/2022/speakers/8ed010ac-5d77-48e6-98be-24e202715635_240.webp,Jennifer Chui,she / her
https://io.google/2022/speakers/jenny-cong/,https://io.google/2022/speakers/671b2232-2b82-4908-85c6-ccc8ed027c5e_240.webp,Jenny Cong,she / her
https://io.google/2022/speakers/jesse-williams/,https://io.google/2022/speakers/6ad03bd0-c4d0-48ff-a183-75b03a694d40_240.webp,Jesse Williams,she / her
https://io.google/2022/speakers/jessica-earley-cha/,https://io.google/2022/speakers/2b28975d-9bed-4c62-afdc-6b7ec77712e0_240.webp,Jessica Earley-Cha,she / her
https://io.google/2022/speakers/jessica-jong/,https://io.google/2022/speakers/db094709-d984-46a2-b525-fac9c0c423e9_240.webp,Jessica Jong,she / her
https://io.google/2022/speakers/jian-zhou/,https://io.google/2022/speakers/c64b77b5-1842-45be-ac63-436a20110d07_240.webp,Jian Zhou,she / her
https://io.google/2022/speakers/jing-ji/,https://io.google/2022/speakers/1046bbda-82b7-4930-8880-d1ce71a91062_240.webp,Jing Ji,he / him
https://io.google/2022/speakers/john-kimani/,https://io.google/2022/speakers/8974ac8b-07dd-4e4c-82e5-36b4d89ebd69_240.webp,John Kimani,he / him
https://io.google/2022/speakers/john-mcdole/,https://io.google/2022/speakers/3b085703-08af-4cdf-837e-8d11623f8f75_240.webp,John McDole,he / him
https://io.google/2022/speakers/john-mueller/,https://io.google/2022/speakers/661b03e2-8fdd-40f6-b95b-c721a6cddd50_240.webp,John Mueller,he / him
https://io.google/2022/speakers/jolanda-verhoef/,https://io.google/2022/speakers/8bb8183d-0cab-4617-b637-36f210650d7d_240.webp,Jolanda Verhoef,she / her
https://io.google/2022/speakers/jon-markoff/,https://io.google/2022/speakers/c5a12e94-14eb-4e6f-941a-3f8ae8ba9977_240.webp,Jon Markoff,he / him
https://io.google/2022/speakers/jose-ugia/,https://io.google/2022/speakers/ab9fe744-7e82-4a8e-92e9-3ebf809586e6_240.webp,Jose Ugia,he / him
https://io.google/2022/speakers/julia-feldman/,https://io.google/2022/speakers/1d6bc57c-0d78-4257-82db-92c7134b014c_240.webp,Julia Feldman,
https://io.google/2022/speakers/justin-mccandless/,https://io.google/2022/speakers/cf059dfb-5c9c-40f1-8bd6-dd16dc356789_240.webp,Justin McCandless,
https://io.google/2022/speakers/kara-yu/,https://io.google/2022/speakers/62616c71-70f9-4cbc-af83-68a75381c172_240.webp,Kara Yu,she / her
https://io.google/2022/speakers/karen-ng/,https://io.google/2022/speakers/d0beb585-fd76-41ac-94c0-57484d52d57c_240.webp,Karen Ng,she / her
https://io.google/2022/speakers/karen-zeng/,https://io.google/2022/speakers/74ffd577-264d-49f9-8de4-53236effc863_240.webp,Karen Zeng,she / her
https://io.google/2022/speakers/karolina-netolicka/,https://io.google/2022/speakers/a499ec63-6173-4589-9815-e11cf897db70_240.webp,Karolína Netolická,she / her
https://io.google/2022/speakers/karthic-veera/,https://io.google/2022/speakers/b0ad5a8d-feda-4a1d-b4d0-33b5025efe29_240.webp,Karthic Veera,he / him
https://io.google/2022/speakers/kaustubha-govind/,https://io.google/2022/speakers/a1628cdb-8b6e-4fa4-8b11-f1fa7becb635_240.webp,Kaustubha Govind,she / her
https://io.google/2022/speakers/kenneth-ford/,https://io.google/2022/speakers/5b16db17-35a4-48ea-9c3f-00780adcf627_240.webp,Kenneth Ford,he / him
https://io.google/2022/speakers/kevin-flanagan/,https://io.google/2022/speakers/a15ba2d8-9146-4d47-afa6-7da2556104bf_240.webp,Kevin Flanagan,he / him
https://io.google/2022/speakers/kevin-moore/,https://io.google/2022/speakers/224f8df9-aa33-4eed-9cd9-84e940ae1130_240.webp,Kevin Moore,he / him
https://io.google/2022/speakers/khanh-leviet/,https://io.google/2022/speakers/9a201073-f54f-4260-87ab-00a264a41536_240.webp,Khanh LeViet,he / him
https://io.google/2022/speakers/khanh-nguyen/,https://io.google/2022/speakers/709e9dd5-a6f1-4edf-8cd0-801c76a3dec2_240.webp,Khanh Nguyen,she / her
https://io.google/2022/speakers/kirupa-chinnathambi/,https://io.google/2022/speakers/da9df2fc-8895-4989-baaf-6f434d218dba_240.webp,Kirupa Chinnathambi,he / him
https://io.google/2022/speakers/konstantin-mandrika/,https://io.google/2022/speakers/5bb6ffc0-26c1-4bb6-893a-e5b63ecd498f_240.webp,Konstantin Mandrika,he / him
https://io.google/2022/speakers/konstantine-tsotsos/,https://io.google/2022/speakers/1571b6ed-78fe-4885-8656-e02d28b28952_240.webp,Konstantine Tsotsos,
https://io.google/2022/speakers/kris-braun/,https://io.google/2022/speakers/2877ee3a-c045-4ff4-83cf-fd4683cec18e_240.webp,Kris Braun,he / him
https://io.google/2022/speakers/kseniia-shumelchyk/,https://io.google/2022/speakers/041e9bcb-7207-4aae-aa4a-1bea568d2740_240.webp,Kseniia  Shumelchyk,she / her
https://io.google/2022/speakers/kweku-adams/,https://io.google/2022/speakers/257a1167-bf19-4745-919d-0d76a4084b21_240.webp,Kweku Adams,
https://io.google/2022/speakers/lauren-mytton/,https://io.google/2022/speakers/3630e676-b8b6-42f4-9ba7-60b4a76a0711_240.webp,Lauren Mytton,she / her
https://io.google/2022/speakers/laurence-moroney/,https://io.google/2022/speakers/40f191f5-5185-4dcc-bbc6-fede25fd86eb_240.webp,Laurence Moroney,he / him
https://io.google/2022/speakers/liam-spradlin/,https://io.google/2022/speakers/c0214355-accd-47fe-a034-792d024fed59_240.webp,Liam Spradlin,he / him
https://io.google/2022/speakers/lokesh-gidra/,https://io.google/2022/speakers/054fd0ce-5c9b-49f5-af4f-ec6ce21c5d9f_240.webp,Lokesh Gidra,he / him
https://io.google/2022/speakers/luca-ballan/,https://io.google/2022/speakers/ab8e2081-dd1e-4590-b2a1-37efa1bf7bb1_240.webp,Luca Ballan,he / him
https://io.google/2022/speakers/luyan-chi/,https://io.google/2022/speakers/9e99b18c-c369-44a1-b154-e4bc1269a461_240.webp,Luyan Chi,she / her
https://io.google/2022/speakers/madeleine-elish/,https://io.google/2022/speakers/31508d69-093a-43ad-bd96-9e9114851a0a_240.webp,Madeleine  Elish,she / her
https://io.google/2022/speakers/madhukar-srivastava/,https://io.google/2022/speakers/16b52857-d04d-475c-b130-59c9cf643264_240.webp,Madhukar Srivastava,
https://io.google/2022/speakers/mai-lowe/,https://io.google/2022/speakers/fd1345d7-bda8-4fec-8ca8-0a8ebd703bb2_240.webp,Mai Lowe,she / her
https://io.google/2022/speakers/manuel-vicente-vivo/,https://io.google/2022/speakers/e98b9713-8589-4a1c-adc3-85888f7f1875_240.webp,Manuel Vicente Vivo,
https://io.google/2022/speakers/marco-cavalli/,https://io.google/2022/speakers/e8f7a31a-c656-443b-860b-bf0932d3a2ad_240.webp,Marco Cavalli,he / him
https://io.google/2022/speakers/mark-thompson/,https://io.google/2022/speakers/350800bb-ada6-498b-9816-993d689f8357_240.webp,Mark Thompson,he / him
https://io.google/2022/speakers/marwa-mabrouk/,https://io.google/2022/speakers/b62779a7-a11e-436d-a65a-6f7605559b52_240.webp,Marwa Mabrouk,she / her
https://io.google/2022/speakers/matt-monasch/,https://io.google/2022/speakers/66c25f45-40ca-471d-836d-0ebcdbd3cb69_240.webp,Matt  Monasch,he / him
https://io.google/2022/speakers/matt-walter/,https://io.google/2022/speakers/7f034752-d8b8-46ca-b8a7-0290df850353_240.webp,Matt Walter,
https://io.google/2022/speakers/matthew-izatt/,https://io.google/2022/speakers/cfc144c0-784b-4437-8c41-5c6b577ba7c8_240.webp,Matthew  Izatt,he / him
https://io.google/2022/speakers/matthias-anlauff/,https://io.google/2022/speakers/4c9b37bf-eeaa-4022-bb99-7347944669f5_240.webp,Matthias Anlauff,he / him
https://io.google/2022/speakers/mete-atamel/,https://io.google/2022/speakers/bc425ff8-8992-4bd5-8e1f-86a4826f57c7_240.webp,Mete Atamel,
https://io.google/2022/speakers/michael-doyle/,https://io.google/2022/speakers/79becbaa-3328-439b-9822-d3fda07329d7_240.webp,Michael Doyle,he / him
https://io.google/2022/speakers/michael-gilbert/,https://io.google/2022/speakers/cd022e2d-8551-4e47-91a4-85b4ce9129bf_240.webp,Michael Gilbert,he / him
https://io.google/2022/speakers/michael-goderbauer/,https://io.google/2022/speakers/f8000f6a-9443-40a2-a8f5-fc9e597a6027_240.webp,Michael Goderbauer,he / him
https://io.google/2022/speakers/michael-thomsen/,https://io.google/2022/speakers/641995ee-530d-4437-a0eb-dbe577e1bc06_240.webp,Michael Thomsen,he / him
https://io.google/2022/speakers/michal-mocny/,https://io.google/2022/speakers/748b297a-dfd7-4388-aead-8ce3b48f4ed9_240.webp,Michal Mocny,he / him
https://io.google/2022/speakers/michele-turner/,https://io.google/2022/speakers/f9bfbb40-a8fe-4003-adc0-49e0f3e7c648_240.webp,Michele Turner,she / her
https://io.google/2022/speakers/miguel-montemayor/,https://io.google/2022/speakers/32ef98d9-a02f-4bd2-9457-5fb423ffd862_240.webp,Miguel Montemayor,he / him
https://io.google/2022/speakers/mihai-popa/,https://io.google/2022/speakers/5c06fde1-6f1f-469b-94b0-dd0c87b0d8ed_240.webp,Mihai Popa,he / him
https://io.google/2022/speakers/mike-knapp/,https://io.google/2022/speakers/3c1fb47e-8538-4906-9300-9b1b281d713c_240.webp,Mike Knapp,he / him
https://io.google/2022/speakers/mike-procopio/,https://io.google/2022/speakers/f5f8eb7b-3251-496f-8b00-5fcfe670b4a7_240.webp,Mike Procopio,he / him
https://io.google/2022/speakers/minko-gechev/,https://io.google/2022/speakers/6e2fb32b-236b-4a00-b1ed-dccc39a0b9f0_240.webp,Minko Gechev,he / him
https://io.google/2022/speakers/nandana-dutt/,https://io.google/2022/speakers/077e7c38-871e-43db-9e86-f1f9bb215813_240.webp,Nandana Dutt,she / her
https://io.google/2022/speakers/neha-malhotra/,https://io.google/2022/speakers/acf3ae04-71a1-493d-8be3-5ed1ed1fba44_240.webp,Neha Malhotra,she / her
https://io.google/2022/speakers/nevin-mital/,https://io.google/2022/speakers/b4a45320-ba97-4f6d-9ad7-093e3e7a959a_240.webp,Nevin Mital,he / him
https://io.google/2022/speakers/nicholas-harthan/,https://io.google/2022/speakers/b81c3c32-bb38-4081-b3e6-199689aeb932_240.webp,Nicholas Harthan,he / him
https://io.google/2022/speakers/nick-bearman/,https://io.google/2022/speakers/5af1c614-92f3-4c0f-8df6-d47a672bba0c_240.webp,Nick Bearman,he / him
https://io.google/2022/speakers/nick-butcher/,https://io.google/2022/speakers/3931c732-e820-4c8b-a1c5-f44a24b5297a_240.webp,Nick Butcher,he / him
https://io.google/2022/speakers/nicole-naurath/,https://io.google/2022/speakers/b4e08d12-41a1-4938-8a0c-4979c937374b_240.webp,Nicole Naurath,she / her
https://io.google/2022/speakers/nikita-namjoshi/,https://io.google/2022/speakers/7b2b3d71-7e1f-41db-9139-7fa309a95fa5_240.webp,Nikita Namjoshi,she / her
https://io.google/2022/speakers/nimer-jaber/,https://io.google/2022/speakers/34562f5c-d670-4aa2-87af-2266593e70f9_240.webp,Nimer Jaber,he / him
https://io.google/2022/speakers/patrick-fuentes/,https://io.google/2022/speakers/c13ba57e-2de9-4f64-9d77-be2d38cd2586_240.webp,Patrick Fuentes,
https://io.google/2022/speakers/paul-lammertsma/,https://io.google/2022/speakers/38119636-192d-4a35-9730-220ade104777_240.webp,Paul Lammertsma,he / him
https://io.google/2022/speakers/petra-cross/,https://io.google/2022/speakers/bbd44e14-ac8d-41de-bdca-5e016b2ba0ce_240.webp,Petra Cross,she / her
https://io.google/2022/speakers/philip-walton/,https://io.google/2022/speakers/9935358d-50bf-4e5a-a9ea-8eb83136bffe_240.webp,Philip Walton,he / him
https://io.google/2022/speakers/pierre-delisle/,https://io.google/2022/speakers/1f90439e-17e2-4ffa-a9d0-701262925c7f_240.webp,Pierre Delisle,he / him
https://io.google/2022/speakers/qazi-mamunur-rashid/,https://io.google/2022/speakers/e353218a-e4f0-4624-a483-4ae09d71d9ad_240.webp,Qazi Mamunur Rashid,he / him
https://io.google/2022/speakers/rachel-andrew/,https://io.google/2022/speakers/49df76e1-abae-4b17-ae25-eeb54015d325_240.webp,Rachel  Andrew,she / her
https://io.google/2022/speakers/rajiv-appana/,https://io.google/2022/speakers/1a0f0ef2-7e49-4b09-9666-dc96bd80c179_240.webp,Rajiv Appana,
https://io.google/2022/speakers/ramesh-nair/,https://io.google/2022/speakers/b4801fef-6865-4695-8369-3d4770c8b070_240.webp,Ramesh Nair,he / him
https://io.google/2022/speakers/rebecca-nathenson/,https://io.google/2022/speakers/7288dbee-d87c-4c2e-b946-596f629c5fbe_240.webp,Rebecca Nathenson,she / her
https://io.google/2022/speakers/reid-baker/,https://io.google/2022/speakers/8d894a21-e9cc-40ad-b59c-06a038945617_240.webp,Reid Baker,
https://io.google/2022/speakers/rekha-kumar/,https://io.google/2022/speakers/8cec0462-7691-440e-83fc-b941c290850d_240.webp,Rekha Kumar,she / her
https://io.google/2022/speakers/robert-crowe/,https://io.google/2022/speakers/fb405cde-4175-487b-ba30-e51fe38e7c6b_240.webp,Robert Crowe,he / him
https://io.google/2022/speakers/rod-lopez/,https://io.google/2022/speakers/710ecfc6-4e68-482b-b163-da777ff7c4cc_240.webp,Rod Lopez,
https://io.google/2022/speakers/rody-davis/,https://io.google/2022/speakers/c1eaf5c7-da29-4132-8f70-d17b4cc40f38_240.webp,Rody Davis,he / him
https://io.google/2022/speakers/romin-irani/,https://io.google/2022/speakers/5185d58a-66d0-4ccf-a4ab-e9699d893a27_240.webp,Romin Irani,he / him
https://io.google/2022/speakers/rosalyn-tan/,https://io.google/2022/speakers/68c005e5-a0a8-491b-afc5-9560caa38b50_240.webp,Rosalyn Tan,she / her
https://io.google/2022/speakers/rowan-merewood/,https://io.google/2022/speakers/aa600718-544d-42b8-a56e-ed59570ee83a_240.webp,Rowan Merewood,he / him
https://io.google/2022/speakers/ryan-ausanka-crues/,https://io.google/2022/speakers/6821a51f-5daf-4240-a8f8-238c77a8367b_240.webp,Ryan Ausanka-Crues,he / him
https://io.google/2022/speakers/ryan-fitzgibbon/,https://io.google/2022/speakers/6a0dc1b3-f87e-4c9b-99da-ed11723046a0_240.webp,Ryan Fitzgibbon,he / him
https://io.google/2022/speakers/sanura-n-jaka/,https://io.google/2022/speakers/9e940821-6639-4c80-ba5d-f5a0146cea39_240.webp,Sanura N'Jaka,she / her
https://io.google/2022/speakers/sara-hamilton/,https://io.google/2022/speakers/440118e8-b5e2-4381-ac7a-3b11d482d386_240.webp,Sara Hamilton,she / her
https://io.google/2022/speakers/sara-n-marandi/,https://io.google/2022/speakers/2ab59658-130a-4a63-acf2-f0a2155e180a_240.webp,Sara N-Marandi,she / her
https://io.google/2022/speakers/sarah-hathiramani/,https://io.google/2022/speakers/930d2926-fde4-4b14-9731-a8b45d036038_240.webp,Sarah Hathiramani,she / her
https://io.google/2022/speakers/saurabh-rajpal/,https://io.google/2022/speakers/7394a7f6-0107-423e-822a-ac617538bc55_240.webp,Saurabh Rajpal,he / him
https://io.google/2022/speakers/scott-adams/,https://io.google/2022/speakers/9bb85a68-1354-43cb-9a81-abb5cf4399b3_240.webp,Scott Adams,he / him
https://io.google/2022/speakers/sehee-lee/,https://io.google/2022/speakers/6e7d9eb8-28f4-43eb-bf5b-d598c67caaeb_240.webp,Sehee Lee,she / her
https://io.google/2022/speakers/shan-huang/,https://io.google/2022/speakers/007e228a-9bfe-4650-b2de-07ad9a43a42f_240.webp,Shan Huang,she / her
https://io.google/2022/speakers/shobana-radhakrishnan/,https://io.google/2022/speakers/99bd5aa1-d111-4af7-8309-987412a34237_240.webp,Shobana Radhakrishnan,she / her
https://io.google/2022/speakers/shruti-padamata/,https://io.google/2022/speakers/4b44d676-61b8-4a21-8fa3-0e4308a62277_240.webp,Shruti Padamata,she / her
https://io.google/2022/speakers/shu-jiang/,https://io.google/2022/speakers/16cffe10-c0b3-4449-b43f-35605fd245d9_240.webp,Shu Jiang,she / her
https://io.google/2022/speakers/shunhya-shishido/,https://io.google/2022/speakers/0e456ac9-c047-4222-a3f7-efd1c44bbc6a_240.webp,Shunhya Shishido,he / him
https://io.google/2022/speakers/simon-lynen/,https://io.google/2022/speakers/2e0e8daa-2137-4af6-980b-e4602cb0a69a_240.webp,Simon Lynen,he / him
https://io.google/2022/speakers/simona-stojanovic/,https://io.google/2022/speakers/f52f7df8-ff86-4e20-968e-47c9fde88d04_240.webp,Simona Stojanovic,she / her
https://io.google/2022/speakers/stella-loh/,https://io.google/2022/speakers/8d834534-106b-41b3-a154-774641b877c9_240.webp,Stella Loh,she / her
https://io.google/2022/speakers/steren-giannini/,https://io.google/2022/speakers/42a942dd-942c-419a-8be6-097958ac29e5_240.webp,Steren Giannini,he / him
https://io.google/2022/speakers/steve-suppe/,https://io.google/2022/speakers/3242ac93-3f64-4aa7-b491-6bd0c1d8378e_240.webp,Steve Suppe,he / him
https://io.google/2022/speakers/sue-lai/,https://io.google/2022/speakers/86578460-c49b-4ccc-9f9e-9937c27956ed_240.webp,Sue Lai,
https://io.google/2022/speakers/terence-zhang/,https://io.google/2022/speakers/3ddcc307-e865-4b5f-8361-706ddb6d01ca_240.webp,Terence Zhang,
https://io.google/2022/speakers/thomas-bouldin/,https://io.google/2022/speakers/fd2d7b27-2589-4f9d-8a8e-8c0f871a9277_240.webp,Thomas Bouldin,he / him
https://io.google/2022/speakers/thomas-steiner/,https://io.google/2022/speakers/b754929f-985f-4798-9d7c-da33e5961bbe_240.webp,Thomas Steiner,he / him
https://io.google/2022/speakers/tim-sneath/,https://io.google/2022/speakers/d4ca4cff-c0ee-4703-aa33-b3bc04f17823_240.webp,Tim Sneath,
https://io.google/2022/speakers/tobias-kunisch/,https://io.google/2022/speakers/3a7bc2e2-ce8e-474b-89e4-83c812e9a3e5_240.webp,Tobias Kunisch,he / him
https://io.google/2022/speakers/toni-klopfenstein/,https://io.google/2022/speakers/cb05c5c0-523a-4416-a298-3d47517d428c_240.webp,Toni Klopfenstein,she / her
https://io.google/2022/speakers/tony-conway/,https://io.google/2022/speakers/6b939a45-21db-4b23-863f-e81a78666412_240.webp,Tony Conway,he / him
https://io.google/2022/speakers/tor-norbye/,https://io.google/2022/speakers/99a683fb-f139-4105-a80b-09b73ac58eb8_240.webp,Tor Norbye,he / him
https://io.google/2022/speakers/travis-gorkin/,https://io.google/2022/speakers/1bdbd950-0861-4946-82c6-f0abc023e3d7_240.webp,Travis Gorkin,he / him
https://io.google/2022/speakers/tunde-agboola/,https://io.google/2022/speakers/6d3cfa60-eaae-4020-933c-946a46ed5b07_240.webp,Tunde Agboola,he / him
https://io.google/2022/speakers/tyler-crowe/,https://io.google/2022/speakers/51ee4dc3-bef3-4874-87ed-1dfb3dbf8b3b_240.webp,Tyler Crowe,he / him
https://io.google/2022/speakers/una-kravets/,https://io.google/2022/speakers/2416b731-4105-4cb2-a1c6-51da1c0ff6d7_240.webp,Una Kravets,
https://io.google/2022/speakers/unni-nair/,https://io.google/2022/speakers/609dd4d9-a11f-4c04-ab07-ce24afc5cec9_240.webp,Unni Nair,he / him
https://io.google/2022/speakers/vaibhav-singh/,https://io.google/2022/speakers/7b4cbe64-c6e2-4418-aad0-46f3f9b86094_240.webp,Vaibhav Singh,he / him
https://io.google/2022/speakers/vinay-goel/,https://io.google/2022/speakers/60d15274-1733-4237-a876-4f59885fbb23_240.webp,Vinay Goel,he / him
https://io.google/2022/speakers/vince-wu/,https://io.google/2022/speakers/2478990c-ee6d-4e1b-b80e-49c7cfc04231_240.webp,Vince Wu,he / him
https://io.google/2022/speakers/vinny-dasilva/,https://io.google/2022/speakers/dfb584b4-4452-4060-981c-e06f5f14c567_240.webp,Vinny DaSilva,he / him
https://io.google/2022/speakers/viraj-mahesh/,https://io.google/2022/speakers/dc76349e-382f-439b-bf8a-ea2f280cf468_240.webp,Viraj Mahesh,he / him
https://io.google/2022/speakers/yacine-rezgui/,https://io.google/2022/speakers/523ff094-5c3b-4763-ad78-ba0f25c6d4b7_240.webp,Yacine Rezgui,he / him
https://io.google/2022/speakers/yigit-yeet-uyan/,https://io.google/2022/speakers/e439725a-8d6d-4fa6-943f-4a3e8e4b6c65_240.webp,Yi_it (Yeet) Uyan,
https://io.google/2022/speakers/yu-cheng-ling/,https://io.google/2022/speakers/cab76b4f-d2b1-4154-ae03-d4b0dcd3621f_240.webp,Yu-Cheng Ling,